{
  "currency": "EUR",
  "features": {
    "projects.core": { "label": "Core Modules" },
    "plan-builder": { "label": "Plan Builder" },
    "social-canvas": { "label": "Social Canvas" },
    "problem-tree": { "label": "Problem Tree" },
    "ecosystem-map": { "label": "Ecosystem Map" },
    "unit-economics": { "label": "Unit Economics" },
    "financial": { "label": "Financial Modeler" },
    "market-sizing": { "label": "Market Sizing" },
    "pricing": { "label": "Pricing Lab" },
    "team-collaboration": { "label": "Team Collaboration" },
    "gtm": { "label": "GTM Planner" },
    "competitor-analysis": { "label": "Competitor Analysis" },
    "risk-center": { "label": "Risk Center" },
    "investor-room": { "label": "Investor Room" },
    "models.scenarios": { "label": "Scenario Modelling" },
    "esg.compliance": { "label": "ESG Compliance" },
    "exports.pdf": { "label": "PDF Export" },
    "ai.analyst": { "label": "AI Analyst" }
  },
  "plans": {
    "starter": {
      "name": "Starter",
      "seat_pricing": false,
      "billing": { "monthly": 0, "annual": 0 },
      "limits": {
        "seats_max": 1,
        "viewer_seats_free": 0,
        "projects_max": 1,
        "exports_per_month": 3,
        "storage_items_max": 100,
        "integrations_max": 0
      },
      "grants": {
        "projects.core": true,
        "plan-builder": true,
        "social-canvas": true,
        "problem-tree": true,
        "ecosystem-map": false,
        "unit-economics": false,
        "financial": false,
        "market-sizing": false,
        "pricing": false,
        "team-collaboration": false,
        "gtm": false,
        "competitor-analysis": false,
        "risk-center": false,
        "investor-room": false,
        "models.scenarios": false,
        "esg.compliance": false,
        "exports.pdf": true,
        "ai.analyst": false
      }
    },
    "solo": {
      "name": "Solo",
      "seat_pricing": true,
      "billing": { "monthly": 24, "annual": 19 },
      "limits": {
        "seats_max": 1,
        "viewer_seats_free": 0,
        "projects_max": 3,
        "exports_per_month": 20,
        "storage_items_max": 1000,
        "integrations_max": 0
      },
      "grants": {
        "projects.core": true,
        "plan-builder": true,
        "social-canvas": true,
        "problem-tree": true,
        "ecosystem-map": true,
        "unit-economics": true,
        "financial": true,
        "market-sizing": true,
        "pricing": true,
        "team-collaboration": false,
        "gtm": false,
        "competitor-analysis": false,
        "risk-center": false,
        "investor-room": false,
        "models.scenarios": false,
        "esg.compliance": false,
        "exports.pdf": true,
        "ai.analyst": false
      }
    },
    "pro-team": {
      "name": "Pro Team",
      "seat_pricing": true,
      "billing": { "monthly": 59, "annual": 49 },
      "limits": {
        "seats_max": 20,
        "viewer_seats_free": 5,
        "projects_max": "unlimited",
        "exports_per_month": 200,
        "storage_items_max": 10000,
        "integrations_max": 5
      },
      "grants": {
        "projects.core": true,
        "plan-builder": true,
        "social-canvas": true,
        "problem-tree": true,
        "ecosystem-map": true,
        "unit-economics": true,
        "financial": true,
        "market-sizing": true,
        "pricing": true,
        "team-collaboration": true,
        "gtm": true,
        "competitor-analysis": true,
        "risk-center": false,
        "investor-room": { "enabled": true, "allowance": 1 },
        "models.scenarios": true,
        "esg.compliance": { "enabled": true },
        "exports.pdf": true,
        "ai.analyst": { "enabled": true, "allowance": 1000000 }
      }
    },
    "business": {
      "name": "Business",
      "seat_pricing": true,
      "billing": { "monthly": 119, "annual": 99 },
      "limits": {
        "seats_max": 100,
        "viewer_seats_free": 100,
        "projects_max": "unlimited",
        "exports_per_month": 1000,
        "storage_items_max": 100000,
        "integrations_max": 10
      },
      "grants": {
        "projects.core": true,
        "plan-builder": true,
        "social-canvas": true,
        "problem-tree": true,
        "ecosystem-map": true,
        "unit-economics": true,
        "financial": true,
        "market-sizing": true,
        "pricing": true,
        "team-collaboration": true,
        "gtm": true,
        "competitor-analysis": true,
        "risk-center": true,
        "investor-room": true,
        "models.scenarios": true,
        "esg.compliance": true,
        "exports.pdf": true,
        "ai.analyst": { "enabled": true, "allowance": 3000000 }
      }
    }
  }
}
